,job_id,Addresses,lat,long,addresses
0,4,"Washington, DC",38.8950368,-77.0365427,"Washington, DC"
1,5,"Fort Worth, FL",32.9046743,-97.2624132,"Fort Worth, FL"
2,7,"Berlin, BE",52.5103817,13.4349112,"Berlin, BE"
3,15,"Sydney, NSW",-33.8698439,151.2082848,"Sydney, NSW"
4,16,"Singapore, 01",1.2899175,103.8519072,"Singapore, 01"
5,22,"Auckland, N",54.8524437,-1.5969758,"Auckland, N"
6,23,", ",33.1580933,-117.3505966,", "
7,24,"Carlsbad, CA",24.503556,54.3750489,"Carlsbad, CA"
8,28,"Abudhabi, AZ",47.9673056,-122.201399,"Abudhabi, AZ"
9,33,"Everett, WA",32.753177,-97.3327459,"Everett, WA"
10,59,"Fort Worth, TX",37.7790262,-122.419906,"Fort Worth, TX"
11,60,"San Francisco, CA",41.6612561,-91.5299106,"San Francisco, CA"
12,61,"Iowa city, IA",41.9758872,-91.6704053,"Iowa city, IA"
13,62,"Cedar Rapids, IA",41.4734268,-74.5384933,"Cedar Rapids, IA"
14,72,"Otisville, NY",55.9533456,-3.1883749,"Otisville, NY"
17,83,"Edinburgh, ",51.5073219,-0.1276474,"Edinburgh, "
18,86,"Newport Beach, CA",51.2461849,-0.5745089,"Newport Beach, CA"
19,91,"New York, NY",52.47977615,-1.4503648883388465,"New York, NY"
21,97,"London, ",-0.8999695,11.6899699,"London, "
22,99,"Stocton, CA, ",52.0406502,-0.7594092,"Stocton, CA, "
23,103,"Coventry, WAR",53.4794892,-2.2451148,"Coventry, WAR"
25,126,"Brooklyn, NY",37.9839412,23.7283052,"Brooklyn, NY"
26,128,", GA",39.9527237,-75.1635262,", GA"
27,129,"Harlan or Ames, IA",33.4484367,-112.074141,"Harlan or Ames, IA"
28,132,"Milton Keynes, ",43.815571649999995,-91.2453458661876,"Milton Keynes, "
29,135,"Manchester, ",30.0443879,31.2357257,"Manchester, "
30,144,"Hidalgo, TX",40.5247777,-111.8627989,"Hidalgo, TX"
31,149,"Athens, I",41.8755616,-87.6244212,"Athens, I"
32,150,"Philadelphia, PA",51.5118606,-0.0780174,"Philadelphia, PA"
33,151,"Phoenix, AZ",39.3624833,22.9401864,"Phoenix, AZ"
36,161,"Western Wisconsin , WI",50.8465573,4.351697,"Western Wisconsin , WI"
37,165,"Cairo, C",37.496904,-122.3330573,"Cairo, C"
40,178,"Draper, UT",42.3750997,-71.1056157,"Draper, UT"
41,179,"Chicago, IL",55.7504461,37.6174943,"Chicago, IL"
42,180,"London, LND",0.3818903,9.4539967,"London, LND"
43,196,"Volos, E",37.5666791,126.9782914,"Volos, E"
44,198,"Indore, MP",34.1816482,-118.3258554,"Indore, MP"
45,199,"Manchester, MAN",30.2711286,-97.7436995,"Manchester, MAN"
46,202,"Brussels, ",40.4416941,-79.9900861,"Brussels, "
47,206,"San Mateo, CA",51.5073219,-0.1276474,"San Mateo, CA"
48,212,"Rio De Janeiro, RJ",26.204114,-98.2300605,"Rio De Janeiro, RJ"
49,216,"Bakersfield, CA / Mt. Poso, CA",29.7589382,-95.3676974,"Bakersfield, CA / Mt. Poso, CA"
50,220,"Riyadh, Olaya, 01",30.0521177,31.3422045,"Riyadh, Olaya, 01"
52,229,"Cambridge, MA",38.955696,-77.34188283719988,"Cambridge, MA"
54,239,"Moscow, MOW",40.994231799999994,29.18087845550346,"Moscow, MOW"
56,246,"London, GBN",35.8272257,-90.6949871,"London, GBN"
62,276,", 01",39.2908816,-76.610759,", 01"
63,277,"Burbank, CA",37.5780965,-122.3473099,"Burbank, CA"
65,282,"Austin, TX",36.1672559,-115.148516,"Austin, TX"
68,288,"Pittsburgh, PA",34.0550328,-117.1827445,"Pittsburgh, PA"
72,296,"London, ENG",37.9839412,23.7283052,"London, ENG"
74,299,"McAllen, TX",51.456659,-0.9696512,"McAllen, TX"
76,303,"Houston, TX",14.3821982,120.9329335,"Houston, TX"
77,315,"Cairo, Nasr City, C",34.1984435,-79.7671658,"Cairo, Nasr City, C"
78,318,"London, WSM",39.6296809,-79.9559437,"London, WSM"
79,324,"Reston, VA",37.050096,-121.9905908,"Reston, VA"
80,325,"Los Angeles, CA",47.610331900000006,-56.403336560070514,"Los Angeles, CA"
83,334,"Istanbul, 34",37.3361663,-121.890591,"Istanbul, 34"
84,337,"Brussels, BRU",46.6787589,-92.6387902,"Brussels, BRU"
85,339,"Jonesboro, AR",40.9808209,-73.684294,"Jonesboro, AR"
86,343,", TX",57.583682550000006,-2.085348718118604,", TX"
87,344,"Neo Iraklio, Athens, I",40.7127281,-74.0060152,"Neo Iraklio, Athens, I"
89,363,"Warrington, PA",22.2793278,114.1628131,"Warrington, PA"
92,372,"Fishers, IN",51.5073219,-0.1276474,"Fishers, IN"
94,391,", BE",50.416667,-4.75,", BE"
95,395,"Baltimore, MD",48.8960584,2.377660057488862,"Baltimore, MD"
96,402,"Burlingame, CA",29.4246002,-98.4951405,"Burlingame, CA"
100,416,"Bethany, OK",19.4239552,-99.1757289,"Bethany, OK"
103,430,"Las Vegas, NV",34.0194704,-118.491227,"Las Vegas, NV"
105,439,"Wilmington, MA",53.673216,-1.6946052,"Wilmington, MA"
106,440,"Vancouver, BC",42.3554334,-71.060511,"Vancouver, BC"
108,451,"Redlands, CA",51.5217519,-0.0800536,"Redlands, CA"
109,457,"Munich, BY",33.7489924,-84.3902644,"Munich, BY"
110,479,"Corpus Christi, TX",41.919522,-88.07663650643154,"Corpus Christi, TX"
113,491,"Seven Hills, OH",43.6166163,-116.200886,"Seven Hills, OH"
114,492,"ATHENS, I",30.2711286,-97.7436995,"ATHENS, I"
118,506,"Ann Arbor, MI",36.8529841,-75.9774183,"Ann Arbor, MI"
120,520,"Reading, ",45.5228939,-122.989827,"Reading, "
122,527,"Wakefield, WKF",52.3727598,4.8936041,"Wakefield, WKF"
123,528,"Bangkok, 10",33.9060971,-118.0107092,"Bangkok, 10"
127,545,"Florence, SC",32.4315813,-80.6698286,"Florence, SC"
128,546,"Morgantown, WV",32.7762719,-96.7968559,"Morgantown, WV"
129,556,"Santa Cruz, CA",37.451434500000005,25.392337493319413,"Santa Cruz, CA"
131,561,"Richards Bay, NL",35.7882893,-78.7812081,"Richards Bay, NL"
132,567,"San Diego, CA",39.5592639,-77.8908301,"San Diego, CA"
133,571,"Marin, CA",32.2371465,-80.8603868,"Marin, CA"
135,574,"San Jose, CA",52.9884392,-1.9937596,"San Jose, CA"
136,576,"Moorehead , MN",44.9861176,-93.3784618,"Moorehead , MN"
137,578,"Rye, NY",28.5707841,77.3271074,"Rye, NY"
139,598,"Aberdeenshire, ABD",37.4223414,-81.0161994,"Aberdeenshire, ABD"
141,613,"New York City, NY",52.488676999999996,-1.9076503007446248,"New York City, NY"
144,629,"Bakersfield, CA",53.4524593,-2.2188914,"Bakersfield, CA"
146,633,"Maryland / D.C. Area, MD",37.2333253,-121.6846349,"Maryland / D.C. Area, MD"
147,634,"Ebene, QB",51.52713525,-0.1070753583928612,"Ebene, QB"
148,636,"Hong Kong, ",41.623658,-83.570112,"Hong Kong, "
149,637,"Lubbock, TX",35.6571367,-97.4649038,"Lubbock, TX"
151,647,"Belfast, ANT",51.7345329,0.4730532,"Belfast, ANT"
152,651,", OH",33.8901096,-117.8249705,", OH"
153,652,"London , ",38.8950368,-77.0365427,"London , "
154,653,"Newark, DE",52.0799838,4.3113461,"Newark, DE"
155,659,"Cornwall, ",46.9970635,-120.545122,"Cornwall, "
156,660,"Paris, J",28.42826235,77.00270014657752,"Paris, J"
158,670,"San Antonio, TX",45.5031824,-73.5698065,"San Antonio, TX"
160,691,"Irvine, CA",40.666149,-89.5800978,"Irvine, CA"
163,706,"Gladstone, OR",36.2231079,-121.387742,"Gladstone, OR"
164,711,"Portland, OR",-33.013441,151.5942043,"Portland, OR"
166,717,"Mexico City, DIF",44.47951825,26.10537507520356,"Mexico City, DIF"
167,720,"Manhattan Beach, CA",-23.5506507,-46.6333824,"Manhattan Beach, CA"
168,721,"St. Paul, MN",42.3315509,-83.0466403,"St. Paul, MN"
169,724,"Santa Monica, CA",38.5810606,-121.493895,"Santa Monica, CA"
172,734,"Birmingham,Montgomery,Atlanta Ga, AL",63.6820113,22.7123784,"Birmingham,Montgomery,Atlanta Ga, AL"
174,746,"Grand Rapids, MI",53.5462055,-113.491241,"Grand Rapids, MI"
175,749,"Mirfield, ",44.8277446,-92.9438218,"Mirfield, "
177,755,"Boston, MA",40.7654301,-73.8174291,"Boston, MA"
178,758,"Dublin, L",40.7654301,-73.8174291,"Dublin, L"
179,760,"Shoreditch, LND",34.79981,-87.677251,"Shoreditch, LND"
183,771,"Atlanta, GA",35.9603948,-83.9210261,"Atlanta, GA"
185,776,"Glendale Heights, IL",38.9318369,-77.1671337963356,"Glendale Heights, IL"
189,788,"Charlotte, NC",26.271192,-80.2706044,"Charlotte, NC"
192,800,"Greenville, SC",36.1622767,-86.7742984,"Greenville, SC"
201,841,"Boise, ID",42.4396039,-76.4968019,"Boise, ID"
203,845,"Notting Hill, LND",-33.8084051,151.184511,"Notting Hill, LND"
204,846,"AUSTIN, TX",34.1684364,-118.6058382,"AUSTIN, TX"
206,859,"Celina, OH",59.3251172,18.0710935,"Celina, OH"
207,865,"Copenhagen, 84",55.9519018,-3.1904199,"Copenhagen, 84"
216,918,"Ghent, VOV",17.4091693,78.4705938,"Ghent, VOV"
217,921,"Virginia Beach, VA",25.4230425,-100.9927509,"Virginia Beach, VA"
222,929,", LND",39.7589478,-84.1916069,", LND"
223,930,"Hillsboro, OR",40.7215682,-74.047455,"Hillsboro, OR"
230,949,"Patra, J",39.9622601,-83.0007065,"Patra, J"
231,952,"Amsterdam, ",38.3505995,-81.6332812,"Amsterdam, "
236,978,"La Mirada, CA",37.9839412,23.7283052,"La Mirada, CA"
237,979,"Piraeus, I",36.5859718,-79.3950228,"Piraeus, I"
238,984,"Penrith, CMA",53.5565323,9.9776028,"Penrith, CMA"
243,1005,"CORAL SPRINGS, FL",17.360589,78.4740613,"CORAL SPRINGS, FL"
244,1009,"Beaufort, SC",32.8295183,-96.9442177,"Beaufort, SC"
245,1012,"Dallas, TX",32.2371465,-80.8603868,"Dallas, TX"
248,1017,"Mykonos, L",55.001251,-97.001038,"Mykonos, L"
251,1025,"Athens, ",40.6022059,-75.4712794,"Athens, "
255,1041,"Cary, NC",56.5884737,-3.1625103,"Cary, NC"
256,1043,"Falling Waters, WV",25.7741728,-80.19362,"Falling Waters, WV"
262,1055,"Bluffton, SC",47.6144219,-122.192337,"Bluffton, SC"
263,1058,"Athena, ",47.9078244,-97.0592028,"Athena, "
269,1075,"Cheadle, ",58.3019496,-134.419734,"Cheadle, "
272,1084,"Golden Valley, MN",48.7544012,-122.478836,"Golden Valley, MN"
273,1087,"Glasgow / Birmingham / London / Remote, ",26.3961542,50.0476816,"Glasgow / Birmingham / London / Remote, "
274,1093,"Noida, UP",39.4697065,-0.3763353,"Noida, UP"
276,1101,"Queens, NY",40.7433066,-74.0323752,"Queens, NY"
278,1108,"Athens, WV",36.0726355,-79.7919754,"Athens, WV"
279,1109,"Weston, FL",38.9695316,-77.3859479,"Weston, FL"
284,1131,"Birmingham, BIR",40.735657,-74.1723667,"Birmingham, BIR"
289,1150,"Auburn, AL",41.0044958,-76.4537302,"Auburn, AL"
291,1160,"Hopkins, MN",37.2296566,-80.4136767,"Hopkins, MN"
297,1188,"Rusholme, MAN",-6.2272342,106.82734850441886,"Rusholme, MAN"
298,1193,"Woburn, MA",48.1371079,11.5753822,"Woburn, MA"
299,1201,"Santa Clara, CA",25.7741728,-80.19362,"Santa Clara, CA"
300,1202,"London, ISL",53.4453662,-2.3525463,"London, ISL"
308,1242,"New York, OH",39.7392364,-104.984862,"New York, OH"
309,1248,"Edmond, OK",38.8051095,-77.0470229,"Edmond, OK"
311,1261,"Charlottesville, VA",37.9768525,-122.0335624,"Charlottesville, VA"
312,1270,"Chelmsford, ",38.8888603,-77.022568,"Chelmsford, "
313,1271,"Yorba Linda, CA",33.4255056,-111.9400091,"Yorba Linda, CA"
318,1290,"Washington DC, DC",39.6159851,-75.662956,"Washington DC, DC"
321,1294,"The Hague, ",49.1039289,-122.657047,"The Hague, "
323,1299,"Ellensburg, WA",47.2654296,11.3927685,"Ellensburg, WA"
324,1305,"Gurgaon, HR",37.8044557,-122.271356,"Gurgaon, HR"
328,1313,"Ottawa, ON",43.1009031,-75.2326641,"Ottawa, ON"
330,1327,"Austin (or remote), TX",42.2894671,-79.421728,"Austin (or remote), TX"
331,1343,"Montreal , QC",29.85382035,-95.50459651506358,"Montreal , QC"
340,1380,"Athens (Iraklio), I",55.9533456,-3.1883749,"Athens (Iraklio), I"
341,1383,"East Peoria, IL",41.764582,-72.6908547,"East Peoria, IL"
342,1384,"Leeds, ",43.7408049,-90.272351,"Leeds, "
349,1398,"Monroe, NC",47.3744489,8.5410422,"Monroe, NC"
361,1437,"Monterey, CA",35.66591895,139.70627625136973,"Monterey, CA"
370,1468,"Toronto, NSW",43.0116784,-88.2314813,"Toronto, NSW"
373,1479,"Temecula, CA",38.0714005,23.8082604,"Temecula, CA"
374,1485,"Bucharest, B",38.0546653,23.8081533,"Bucharest, B"
376,1495,"London, EAW",43.0481221,-76.1474244,"London, EAW"
378,1504,"Sao Paulo, SP",51.8784385,-0.4152837,"Sao Paulo, SP"
379,1508,"Detroit, MI",43.0622536,-88.3123889,"Detroit, MI"
380,1511,"Sacramento, CA",39.9403995,-105.05208,"Sacramento, CA"
383,1521,"Stockholm, AB",40.5763227,-81.5066265,"Stockholm, AB"
389,1545,"Trenton, NJ",35.4729886,-97.5170536,"Trenton, NJ"
394,1559,"Central London, ",-20.3851243,-40.3294978,"Central London, "
395,1565,"Plano, TX",51.0460954,-114.065465,"Plano, TX"
398,1581,"Edmonton, AB",33.7489924,-84.3902644,"Edmonton, AB"
401,1594,"Cottage Grove, MN",39.3624833,22.9401864,"Cottage Grove, MN"
403,1600,"Marlborough, MA",33.700996,-117.771293,"Marlborough, MA"
405,1615,"Flushing, ",37.3688301,-122.036349,"Flushing, "
408,1629,"Flushing, NY",27.152044,84.2389075,"Flushing, NY"
409,1635,"Florence, AL",38.1642449,20.4838322,"Florence, AL"
410,1640,"Fredericksburg, VA",42.2830786,-87.9531303,"Fredericksburg, VA"
411,1655,"Fort Collins, CO",40.0796606,-89.4337288,"Fort Collins, CO"
413,1660,"Danvers, MA",33.8347516,-117.911732,"Danvers, MA"
414,1673,"Knoxville, TN",41.0534302,-73.5387341,"Knoxville, TN"
415,1677,"knoxville, TN",46.7729322,-92.1251218,"knoxville, TN"
418,1690,"McLean, VA",36.9775016,-76.42977,"McLean, VA"
420,1697,"Sidney, OH",42.453492,-75.0629531,"Sidney, OH"
432,1734,"Chamberi | Madrid, ",42.0267567,-93.6170448,"Chamberi | Madrid, "
433,1735,"Sydney, ",57.1482429,-2.0928095,"Sydney, "
441,1762,"Coral Springs, FL",14.5480343,121.0128136,"Coral Springs, FL"
443,1765,"Perthshire, PKN",33.8963593,-118.3053037,"Perthshire, PKN"
448,1795,"Lakeport, CA",-27.4689682,153.0234991,"Lakeport, CA"
452,1826,"Nashville, TN",-22.2752762,-42.419415,"Nashville, TN"
457,1835,"Bangalore, KA",42.8867166,-78.8783922,"Bangalore, KA"
458,1839,"West Palm Beach, FL",41.31611085,-74.12629189225156,"West Palm Beach, FL"
461,1843,"Winnipeg, MB",51.5169333,-0.0810248,"Winnipeg, MB"
464,1856,"Toronto, ON",32.091299,-96.4646821,"Toronto, ON"
465,1857,"Basingstoke, ",38.0714005,23.8082604,"Basingstoke, "
466,1859,"Juárez, CHH",30.6743643,-96.3699632,"Juárez, CHH"
477,1926,"San Francisco/Oakland, CA",-26.205,28.049722,"San Francisco/Oakland, CA"
479,1931,"Komotini, A",38.98127255,-77.12335871396549,"Komotini, A"
481,1946,"Ithaca, NY",37.3893889,-122.0832101,"Ithaca, NY"
485,1961,"Seattle, WA",52.1562499,5.3896944,"Seattle, WA"
488,1969,"Artarmon, NSW",56.17163,10.206867,"Artarmon, NSW"
489,1975,"Woodland Hills, CA",44.0505054,-123.0950506,"Woodland Hills, CA"
491,1981,"Oklahoma City, OK",42.0447388,-87.6930459,"Oklahoma City, OK"
494,2003,"Stockholm, ",39.0330902,-84.4521512,"Stockholm, "
495,2008,"Edinburgh , EDH",45.463908599999996,9.23080179796616,"Edinburgh , EDH"
500,2031,"Missoula, MT",46.0593485,2.04890101251091,"Missoula, MT"
501,2034,"Buckhannon, WV",34.9248667,-81.0250784,"Buckhannon, WV"
505,2046,"New Jersey, NJ",41.3082138,-72.9250518,"New Jersey, NJ"
507,2050,"Helsinki, ",31.7606732,-93.0860209,"Helsinki, "
511,2065,"Visakhapatnam, AP",44.4582041,-93.161159,"Visakhapatnam, AP"
516,2097,"Springfield, IL",41.3661614,-81.8543026,"Springfield, IL"
517,2100,"Montpellier, K",51.3813864,-2.3596963,"Montpellier, K"
520,2114,", NY",29.7589382,-95.3676974,", NY"
521,2119,"Hyderabad, AP",39.1670396,-86.5342881,"Hyderabad, AP"
523,2125,"Saltillo, COA",37.1317924,-80.5764477,"Saltillo, COA"
528,2150,"Istanbul, ",45.2613104,9.491678060021837,"Istanbul, "
529,2151,"Northfield, VT",14.5567949,121.0211226,"Northfield, VT"
530,2153,"Lanham, MD",14.6509905,121.0486155,"Lanham, MD"
532,2158,"Cleveland, OH",44.311461,-96.79844,"Cleveland, OH"
533,2169,"Dayton, OH",37.426540700000004,-122.17030545534064,"Dayton, OH"
537,2179,"Jersey City, ",19.4326296,-99.1331785,"Jersey City, "
538,2186,"Salt Lake City, UT",49.4093582,8.694724,"Salt Lake City, UT"
543,2224,"Pompano Beach, FL",50.0619474,19.9368564,"Pompano Beach, FL"
544,2226,"Boca Raton, FL",53.6829541,-1.4967286,"Boca Raton, FL"
546,2231,"Bristol, ",11.4799866,-85.6781056,"Bristol, "
548,2233,"Fargo , ND",51.5118606,-0.0780174,"Fargo , ND"
552,2246,"Melbourne, VIC",54.8524437,-1.5969758,"Melbourne, VIC"
559,2274,"Columbus, OH",41.258841,-95.8519484,"Columbus, OH"
562,2285,"Charleston, WV",42.7511964,-72.0098021,"Charleston, WV"
566,2293,"Cantebury, ",44.8595111,-92.6265897,"Cantebury, "
568,2296,"St. Louis, MO",36.0301134,-114.9826194,"St. Louis, MO"
573,2306,"NY, NY",40.7572526,23.0369864,"NY, NY"
580,2334,"Dickinson, TX",29.639525499999998,-95.20689243408376,"Dickinson, TX"
581,2335,"Athens , I",37.4443293,-122.1598465,"Athens , I"
583,2337,"Danville, VA",33.9533546,-117.3961623,"Danville, VA"
595,2361,"Hamburg, HH",41.6500201,-72.7342163,"Hamburg, HH"
598,2372,", VA",40.4588934,-90.6713939,", VA"
599,2377,"Bemidji, MN",51.5156177,-0.0919983,"Bemidji, MN"
600,2382,"Moorhead, MN",39.1836082,-96.5716694,"Moorhead, MN"
605,2392,"Beaver Falls, PA",18.833333,75.75,"Beaver Falls, PA"
606,2397,"Hyderabad, ",43.6647961,-93.9510501,"Hyderabad, "
609,2406,"Irving, TX",37.8857582,-122.1180201,"Irving, TX"
612,2414,"BLUFFTON, SC",41.3828939,2.1774322,"BLUFFTON, SC"
613,2416,"Diamond Bar, CA",52.5170365,13.3888599,"Diamond Bar, CA"
614,2424,"Amersfoort, UT",45.4206749,-122.670649,"Amersfoort, UT"
617,2431,"Vishakhapatanam, AP",53.9049203,-1.6306128,"Vishakhapatanam, AP"
620,2438,", MAN",40.8062437,-76.8607084,", MAN"
621,2442,"Edinburgh , MLN",39.4300996,-77.804161,"Edinburgh , MLN"
623,2448,"Lahore, PB",30.5043583,-90.4611995,"Lahore, PB"
626,2461,"Allentown, PA",38.0841607,23.7368653,"Allentown, PA"
627,2464,"Beverly Hills, CA",37.3361663,-121.890591,"Beverly Hills, CA"
632,2477,"College Station, TX",40.6424116,-79.1262839,"College Station, TX"
633,2479,"Akron, OH",39.9527237,-75.1635262,"Akron, OH"
634,2485,"Meigle, PKN",42.498275,-92.3328743,"Meigle, PKN"
638,2492,"Miami, FL",44.6697996,-74.9813349,"Miami, FL"
640,2495,"Indianapolis, IN",45.6141111,9.0623807,"Indianapolis, IN"
644,2506,"Wellington, N",26.1233265,50.5795636,"Wellington, N"
649,2520,"Camberley, SRY",37.3228934,-122.0322895,"Camberley, SRY"
650,2521,"Minneapolis, MN",40.7127281,-74.0060152,"Minneapolis, MN"
652,2531,"Berea, KY",6.4123323,4.0947395,"Berea, KY"
654,2538,"Bellevue, WA",51.8896903,0.8994651,"Bellevue, WA"
658,2561,"Grand Forks, ND",40.2337289,-111.6587085,"Grand Forks, ND"
659,2564,"Fullerton, CA",37.8615966,23.7545902,"Fullerton, CA"
663,2589,"Columbia, SC",38.990412449999994,-76.9438585924238,"Columbia, SC"
665,2625,"Chandler , AZ",39.5103048,-84.7420519,"Chandler , AZ"
668,2636,"Central Lodon, ",34.6801627,-79.1950373,"Central Lodon, "
670,2644,"Doha, DA",38.9719384,-95.2359496,"Doha, DA"
673,2651,"Juneau, AK",35.9450505,-97.2553142,"Juneau, AK"
674,2656,"Dubai, DU",46.7304268,-117.173895,"Dubai, DU"
677,2664,"Al Hasa, 11",40.2317686,-82.9651045,"Al Hasa, 11"
679,2667,"Bellingham, WA",44.9863392,-93.17945580218503,"Bellingham, WA"
681,2672,"Al Hufuf, 05",43.134564,-70.927048,"Al Hufuf, 05"
682,2677,"Valencia, VC",50.8036831,-1.075614,"Valencia, VC"
683,2678,"Springfield, MO",39.4897166,-79.80059765961474,"Springfield, MO"
688,2702,"Waukegan, IL",53.3806626,-1.4702278,"Waukegan, IL"
693,2718,"Hoboken, NJ",32.89651945,-97.0465220537124,"Hoboken, NJ"
696,2729,"Jefferson City, MO",37.5170432,-82.805994,"Jefferson City, MO"
697,2731,"Greensboro, NC",40.5173165,-75.7774177,"Greensboro, NC"
701,2742,"Herndon, VA",32.3140354,-106.779807,"Herndon, VA"
702,2748,"Concord, CA",51.7520131,-1.2578499,"Concord, CA"
706,2762,"Various in West Yorkshire, ",27.9477595,-82.458444,"Various in West Yorkshire, "
711,2788,", 8",36.6103334,-88.314761,", 8"
713,2790,"Stafford, VA",13.9360165,100.7518961,"Stafford, VA"
719,2816,"Pasadena, CA",42.1867052,-86.2605776,"Pasadena, CA"
728,2854,"Bayan Lepas, 07",44.23836595,9.691232634547537,"Bayan Lepas, 07"
729,2858,"Newark, NJ",38.0435089,23.7458365,"Newark, NJ"
736,2868,"Jersey City , NJ",40.7029052,-73.9901167,"Jersey City , NJ"
737,2870,"Boone, NC",-23.5506507,-46.6333824,"Boone, NC"
743,2903,"Montevallo, AL",39.9527055,-74.24141450227842,"Montevallo, AL"
744,2906,"Acharnai, I",51.5142273,7.4652789,"Acharnai, I"
746,2917,"Bloomsburg, PA",53.2606635,-2.1255158,"Bloomsburg, PA"
747,2918,"ravenna, OH",33.6783336,-118.0000166,"ravenna, OH"
750,2937,"Blacksburg, VA",53.8392125,-1.6399896,"Blacksburg, VA"
754,2968,", NJ",50.8488273,-2.1591946,", NJ"
758,2976,"San Carlos, CA",53.702746,-1.7803373,"San Carlos, CA"
768,3026,"Visby, I",39.7392364,-104.984862,"Visby, I"
769,3032,", CA",51.4129277,-0.3018577,", CA"
787,3131,"Beverly Hills , CA",37.4519671,-122.1779927,"Beverly Hills , CA"
791,3140,"Jakarta, JW",37.7648021,-121.9544387,"Jakarta, JW"
797,3156,"München , BY",50.8465573,4.351697,"München , BY"
804,3204,"miami, FL",38.90651435,-77.03737669188929,"miami, FL"
807,3216,"Urmston, ",52.6362,-1.1331969,"Urmston, "
809,3224,"Gilbert, AZ",52.4081812,-1.510477,"Gilbert, AZ"
810,3231,"Cincinnati, OH",25.0978966,55.1563147,"Cincinnati, OH"
821,3284,"Menomonie, WI",52.5847651,-2.127567,"Menomonie, WI"
828,3314,"Farmingdale, NY",53.5457188,-2.6264624,"Farmingdale, NY"
832,3330,"Corvallis, OR",27.9477595,-82.458444,"Corvallis, OR"
833,3333,"Garden Grove, CA",20.5954708,-100.397059,"Garden Grove, CA"
837,3347,"Teddington, RIC",41.8012002,-74.7465527,"Teddington, RIC"
840,3361,"denver, CO",12.9767936,77.590082,"denver, CO"
844,3367,"Alexandria, VA",52.9952273,6.560498,"Alexandria, VA"
846,3373,"Denver, CO",42.2178171,-85.8911246,"Denver, CO"
848,3375,"Concord , CA",13.0836939,80.270186,"Concord , CA"
850,3379,"DC, WA",41.7439824,-74.3715423,"DC, WA"
853,3391,"Tempe, AZ",42.128704,-87.8265089,"Tempe, AZ"
855,3397,"Eau Claire, WI",3.1343068499999998,101.68636908737832,"Eau Claire, WI"
856,3399,"Budapest, ",41.919522,-88.07663650643154,"Budapest, "
863,3426,"Lake City, FL",40.7127281,-74.0060152,"Lake City, FL"
865,3435,"Harrogate, NYK",40.7127281,-74.0060152,"Harrogate, NYK"
875,3488,"New Castle, DE",35.6729639,-79.0392919,"New Castle, DE"
878,3506,"Minden, NV",53.7944229,-1.7519186,"Minden, NV"
879,3509,"Columbia, MD",51.5294697,-0.1243303,"Columbia, MD"
882,3522,"Langley, BC",30.4764878,-96.6353488,"Langley, BC"
885,3525,"Baltimore / Columbia, MD",40.8579293,-74.0816693,"Baltimore / Columbia, MD"
888,3539,", I",33.4151117,-111.8314792,", I"
889,3549,"Oakland, CA",14.1494474,101.2177459,"Oakland, CA"
893,3555,"City, LIV",33.4503998,-88.8183872,"City, LIV"
894,3560,"Fresno, CA",50.000678,-86.000977,"Fresno, CA"
896,3575,"West Allis, WI",45.463908599999996,9.23080179796616,"West Allis, WI"
902,3595,"Leyton, LND",53.4877463,-2.2891921,"Leyton, LND"
904,3609,"Utica, NY",35.6645956,139.6987107,"Utica, NY"
906,3612,"Binghampton, NY",42.6511674,-73.754968,"Binghampton, NY"
907,3619,"Chautauqua, NY",45.5228939,-122.989827,"Chautauqua, NY"
910,3624,"NW Houston, TX",53.0259916,-2.1753695,"NW Houston, TX"
911,3626,"Arlington, TX",40.7127281,-74.0060152,"Arlington, TX"
918,3647,"Bailtmore, MD",44.0581728,-121.3153096,"Bailtmore, MD"
920,3656,"Tulsa, OK",30.3321838,-81.655651,"Tulsa, OK"
924,3666,"Marousi, I",41.5133582,-81.58238041676734,"Marousi, I"
927,3688,"Crewe, CHW",33.6170092,-117.9294401,"Crewe, CHW"
928,3689,"Ossett, ",39.7459468,-75.546589,"Ossett, "
934,3719,"Amsterdam, NH",41.8328085,-87.9289504,"Amsterdam, NH"
936,3722,"Edinburgh, MLN",40.4167022,-86.8752869,"Edinburgh, MLN"
942,3743,"Durango, CO",52.5170365,13.3888599,"Durango, CO"
947,3790," Edinburgh, SCT",27.3365805,-82.5308545," Edinburgh, SCT"
951,3808,"HARTFORD, CT",30.1600827,-85.6545729,"HARTFORD, CT"
953,3813,"Elroy, WI",33.2095614,-87.5675258,"Elroy, WI"
962,3856,"Leuven, VBR",50.92474155,-1.3204857022431744,"Leuven, VBR"
966,3886,"Slippery Rock, PA",42.4250964,-71.066163,"Slippery Rock, PA"
968,3890,"Shippensburg, PA",52.2241375,5.1719396,"Shippensburg, PA"
969,3893,"West Covina, CA",19.4326296,-99.1331785,"West Covina, CA"
976,3917,"Milwaukie, OR",41.7065539,-73.9283672,"Milwaukie, OR"
984,3947,"Hoxton, LND",,,"Hoxton, LND"
987,3953,"Auckland , N",,,"Auckland , N"
989,3964,"Zürich, ZH",,,"Zürich, ZH"
990,3965,"Finchley, LND",,,"Finchley, LND"
994,3983,"Norman, OK",,,"Norman, OK"
1002,4027,"Spicewood, TX",,,"Spicewood, TX"
1004,4030,"Rotterdam, ",,,"Rotterdam, "
1009,4044,"Long Beach, CA",,,"Long Beach, CA"
1015,4067,"Jersey City, NJ",,,"Jersey City, NJ"
1016,4075,"Colchester, ESS",,,"Colchester, ESS"
1019,4095,"West Hollywood, CA",,,"West Hollywood, CA"
1021,4117,"BARNSLEY, ",,,"BARNSLEY, "
1022,4122,"Minnetonka, MN",,,"Minnetonka, MN"
1026,4132,"Karachi, SD",,,"Karachi, SD"
1027,4137,"Hollywood, CA",,,"Hollywood, CA"
1028,4141,"Tokyo - Shibuya, 13",,,"Tokyo - Shibuya, 13"
1032,4155,"Belfast, ",,,"Belfast, "
1040,4186,"Emeryville, CA",,,"Emeryville, CA"
1041,4199,"Atlanta - Covington, GA",,,"Atlanta - Covington, GA"
1043,4205,"Orlando, FL",,,"Orlando, FL"
1053,4230,"Torrance, CA",,,"Torrance, CA"
1055,4248,"Springfield, MA",,,"Springfield, MA"
1056,4254,"St. Petersburg, FL",,,"St. Petersburg, FL"
1061,4267,"Jacksonville, FL",,,"Jacksonville, FL"
1062,4271,"Waukesha, WI",,,"Waukesha, WI"
1066,4290,"Riverside Coutny, CA",,,"Riverside Coutny, CA"
1067,4299,"Rockville Centre, NY",,,"Rockville Centre, NY"
1070,4309,"Chula Vista, CA",,,"Chula Vista, CA"
1074,4334,"Kifisia, Athens, I",,,"Kifisia, Athens, I"
1088,4401,"Marousi - Athens, I",,,"Marousi - Athens, I"
1090,4404,"Mason, OH",,,"Mason, OH"
1101,4453,"Syracuse, NY",,,"Syracuse, NY"
1106,4466,"NW Portland & Hillsboro, OR",,,"NW Portland & Hillsboro, OR"
1107,4470,"Canterbury, KEN",,,"Canterbury, KEN"
1108,4472,"Luton, LUT",,,"Luton, LUT"
1113,4485,"WAUKESHA, WI",,,"WAUKESHA, WI"
1115,4497,"Broomfield, CO",,,"Broomfield, CO"
1121,4519,"Champaign, IL",,,"Champaign, IL"
1122,4524,"Millburn, NJ",,,"Millburn, NJ"
1130,4559,"Columbia, OH",,,"Columbia, OH"
1132,4562,"Pearl Harbor, FL",,,"Pearl Harbor, FL"
1134,4565,"bedfordshire, LUT",,,"bedfordshire, LUT"
1136,4576,"Sandy, UT",,,"Sandy, UT"
1138,4579,"Arlington , TX",,,"Arlington , TX"
1139,4582,"Staffordshire, STE",,,"Staffordshire, STE"
1143,4594,"Oklahoma City , OK",,,"Oklahoma City , OK"
1146,4600,"DALLAS, TX",,,"DALLAS, TX"
1152,4622,"Aberdeen, ABE",,,"Aberdeen, ABE"
1155,4634,"Fairmont, WV",,,"Fairmont, WV"
1158,4653,"Durham, ",,,"Durham, "
1163,4671,"Helsinki, ES",,,"Helsinki, ES"
1164,4673,"Calgary, AB",,,"Calgary, AB"
1170,4705,"Dallas/ Fort Worth, TX",,,"Dallas/ Fort Worth, TX"
1177,4736,"london, LND",,,"london, LND"
1180,4745,"Atlanta , GA",,,"Atlanta , GA"
1181,4748,"Riga, RIX",,,"Riga, RIX"
1185,4776,"Colorado Springs, CO",,,"Colorado Springs, CO"
1192,4793,"Volos, ",,,"Volos, "
1194,4797,"Hathersage, DBY",,,"Hathersage, DBY"
1199,4830,"Pleasonton, CA",,,"Pleasonton, CA"
1212,4868,"Minneapolis, CO",,,"Minneapolis, CO"
1217,4892,"Sunnyvale, CA",,,"Sunnyvale, CA"
1221,4913,", DL",,,", DL"
1223,4920,"Rome, ",,,"Rome, "
1227,4947,"Br, BRU",,,"Br, BRU"
1232,4959,"Lassi, F",,,"Lassi, F"
1234,4965,"Libertyville, IL",,,"Libertyville, IL"
1235,4968,", IL",,,", IL"
1236,4969,"liverpool, LIV",,,"liverpool, LIV"
1237,4970,"Anaheim, CA",,,"Anaheim, CA"
1240,4979,"Stamford, CT",,,"Stamford, CT"
1246,4990,"Duluth, MN",,,"Duluth, MN"
1249,4993,"Brownsville , TX",,,"Brownsville , TX"
1250,4995,"Marshall, MN",,,"Marshall, MN"
1257,5031,"Newport News, VA",,,"Newport News, VA"
1261,5049,"Menlo Park, CA",,,"Menlo Park, CA"
1263,5052,"Oneonta, NY",,,"Oneonta, NY"
1267,5063,"London Bridge, LND",,,"London Bridge, LND"
1268,5069,"Asheville, NC",,,"Asheville, NC"
1270,5079,"Aberdeen, SD",,,"Aberdeen, SD"
1271,5080,"Hilliard, OH",,,"Hilliard, OH"
1272,5082,"Neo Iraklio, I",,,"Neo Iraklio, I"
1275,5112,"Chula Vista , CA",,,"Chula Vista , CA"
1280,5145,"Alamosa, CO",,,"Alamosa, CO"
1281,5146,"Encino, CA",,,"Encino, CA"
1282,5149,"Porto, 13",,,"Porto, 13"
1283,5151,"Bournemouth, ",,,"Bournemouth, "
1285,5153,"Alfred, NY",,,"Alfred, NY"
1301,5266,"Ames, IA",,,"Ames, IA"
1302,5270,"Aberdeen, ",,,"Aberdeen, "
1308,5320,", SHF",,,", SHF"
1312,5327,"Wigan, MAN",,,"Wigan, MAN"
1313,5329,"Suwanee, GA",,,"Suwanee, GA"
1315,5345,"Acharnes, Athens, I",,,"Acharnes, Athens, I"
1316,5346,"San Francisco, CA, CA",,,"San Francisco, CA, CA"
1320,5359,"Thessaloniki, B",,,"Thessaloniki, B"
1323,5367,"Allendale Charter Township, MI",,,"Allendale Charter Township, MI"
1326,5376,"Makati City , ",,,"Makati City , "
1328,5386,"Makati City, ",,,"Makati City, "
1330,5389,"Scranton , PA",,,"Scranton , PA"
1332,5394,"Gardena, CA",,,"Gardena, CA"
1342,5434,"Huddersfield, ",,,"Huddersfield, "
1343,5443,"Farmington Hills, MI",,,"Farmington Hills, MI"
1344,5444,"St Louis, MO",,,"St Louis, MO"
1347,5468,"Brighton , MI",,,"Brighton , MI"
1353,5508,"Brisbane, QLD",,,"Brisbane, QLD"
1355,5516,"Monterey, ",,,"Monterey, "
1361,5541,"Fairfax, VA",,,"Fairfax, VA"
1363,5559,"Athens, GA",,,"Athens, GA"
1368,5588,", RJ",,,", RJ"
1387,5663,"Westerville, OH",,,"Westerville, OH"
1393,5713,"Montreal, QC",,,"Montreal, QC"
1397,5729,"Red Deer, AB",,,"Red Deer, AB"
1400,5745,"Long Island, NY",,,"Long Island, NY"
1403,5752,"Buffalo, NY",,,"Buffalo, NY"
1404,5761,"Hudson Valley, NY",,,"Hudson Valley, NY"
1408,5777,"Four Ways, GT",,,"Four Ways, GT"
1411,5802,"Lisbon, 11",,,"Lisbon, 11"
1418,5822,"Seattle , WA",,,"Seattle , WA"
1421,5830,"Hammersmith, LND",,,"Hammersmith, LND"
1422,5839,"Bakersfield, CA, CA",,,"Bakersfield, CA, CA"
1425,5851,"Milwaukee, WI",,,"Milwaukee, WI"
1429,5867,"Corsicana, TX",,,"Corsicana, TX"
1430,5868,"Kifisia, I",,,"Kifisia, I"
1435,5882,"Bryan, TX",,,"Bryan, TX"
1442,5913,"Taguig City, 00",,,"Taguig City, 00"
1452,5951,"Amherst, MA",,,"Amherst, MA"
1459,5968,"Cortland, NY",,,"Cortland, NY"
1463,5984,"Arcata, CA",,,"Arcata, CA"
1467,5992,"Seattle, ",,,"Seattle, "
1468,5993,"PLANO, TX",,,"PLANO, TX"
1469,5996,"Ashland, OH",,,"Ashland, OH"
1471,6003,"Athens, OH",,,"Athens, OH"
1479,6045,"Patras, J",,,"Patras, J"
1487,6081,"Halandri, I",,,"Halandri, I"
1490,6089,"Mandaluyong City, 00",,,"Mandaluyong City, 00"
1492,6097,"Johannesburg, ",,,"Johannesburg, "
1494,6103,"Surbiton, SRY",,,"Surbiton, SRY"
1495,6107,"Bethesda, MD",,,"Bethesda, MD"
1496,6108,"Patras, G",,,"Patras, G"
1499,6140,"Mountain View, CA",,,"Mountain View, CA"
1501,6143,"Perth and Kinross, PKN",,,"Perth and Kinross, PKN"
1505,6150,"Wimbledon, LND",,,"Wimbledon, LND"
1513,6174,"North York, ON",,,"North York, ON"
1514,6178,"Western US, ",,,"Western US, "
1515,6184,"AMERSFOORT, UT",,,"AMERSFOORT, UT"
1523,6217,"Brooklyn, ",,,"Brooklyn, "
1524,6220,"College, AK",,,"College, AK"
1525,6221,"Aarhus C, 82",,,"Aarhus C, 82"
1543,6282,"Eugene, OR",,,"Eugene, OR"
1544,6287,"Valanciennes, ",,,"Valanciennes, "
1546,6293,"Orland Park, IL",,,"Orland Park, IL"
1548,6303,"Evanston, IL",,,"Evanston, IL"
1554,6312,"Elmsford, NY",,,"Elmsford, NY"
1555,6314,"Edison, NJ",,,"Edison, NJ"
1557,6328,"Highland Heights, KY",,,"Highland Heights, KY"
1559,6331,"Milano, 25",,,"Milano, 25"
1561,6352,"Nottingham, ",,,"Nottingham, "
1563,6361,"Kansas City, MO",,,"Kansas City, MO"
1565,6365,"Fayetteville, AR",,,"Fayetteville, AR"
1566,6374,"Westport, CT",,,"Westport, CT"
1568,6381,", 23",,,", 23"
1571,6396,"Rock Hill, SC",,,"Rock Hill, SC"
1572,6400,"Moscow, ID",,,"Moscow, ID"
1573,6402,"Mt. Pleasant, MI",,,"Mt. Pleasant, MI"
1584,6466,"New Brunswick, NJ",,,"New Brunswick, NJ"
1586,6471,"New Haven, CT",,,"New Haven, CT"
1589,6481,"New Paltz, NY",,,"New Paltz, NY"
1591,6489,"Natchitoches, LA",,,"Natchitoches, LA"
1592,6494,"Northampton, MA",,,"Northampton, MA"
1596,6500,"Portland/Hillsboro, OR",,,"Portland/Hillsboro, OR"
1597,6501,"PHILADELPHIA, PA",,,"PHILADELPHIA, PA"
1598,6505,"Northfield, MN",,,"Northfield, MN"
1600,6512,"Notre Dame, IN",,,"Notre Dame, IN"
1602,6518,"København Ø, 84",,,"København Ø, 84"
1611,6539,"Orange County, CA",,,"Orange County, CA"
1617,6566,"FORT WORTH, TX",,,"FORT WORTH, TX"
1620,6577,"Berea, OH",,,"Berea, OH"
1628,6609,"Bath, BAS",,,"Bath, BAS"
1629,6612,"Kent, OH",,,"Kent, OH"
1633,6624,"Trivandrum, KL",,,"Trivandrum, KL"
1635,6631,"HOUSTON, TX",,,"HOUSTON, TX"
1644,6650,"Bloomington, IN",,,"Bloomington, IN"
1645,6655,"Scottsdale, AZ",,,"Scottsdale, AZ"
1647,6658,"Radford, VA",,,"Radford, VA"
1670,6732,"San Digeo, CA",,,"San Digeo, CA"
1671,6733,"Anderson, SC",,,"Anderson, SC"
1674,6748,", 13",,,", 13"
1675,6750,"Bozeman, MT",,,"Bozeman, MT"
1683,6769,"München, BY",,,"München, BY"
1685,6777,"lo, ",,,"lo, "
1687,6781,"makati , 00",,,"makati , 00"
1688,6783,"QUEZON CITY , ",,,"QUEZON CITY , "
1703,6828,"Burlington, VT",,,"Burlington, VT"
1704,6829,"Brookings, SD",,,"Brookings, SD"
1705,6831,"Stanford, CA",,,"Stanford, CA"
1706,6833,"Reykjavik, 1",,,"Reykjavik, 1"
1711,6857,"Makati, Philippines, ",,,"Makati, Philippines, "
1712,6861,"QUEZON CITY , 00",,,"QUEZON CITY , 00"
1714,6866,"Mexico, DIF",,,"Mexico, DIF"
1715,6869,"Heidelberg, BW",,,"Heidelberg, BW"
1722,6892,"Oxford, OXF",,,"Oxford, OXF"
1725,6898,"Fort Wayne, IN",,,"Fort Wayne, IN"
1730,6912,"Porland, OR",,,"Porland, OR"
1738,6939,"Philippies, 00",,,"Philippies, 00"
1739,6942,"Isla Vista, CA",,,"Isla Vista, CA"
1745,6956,"Chalandri, I",,,"Chalandri, I"
1747,6963,"Krakow, MA",,,"Krakow, MA"
1752,6983,"Wakefield, ",,,"Wakefield, "
1755,6994,", OR",,,", OR"
1768,7035,"Sacaramento, CA",,,"Sacaramento, CA"
1773,7053,"Janesville, WI",,,"Janesville, WI"
1774,7055,"London , LND",,,"London , LND"
1800,7108,"Accra, AA",,,"Accra, AA"
1801,7112,"Egaleo, I",,,"Egaleo, I"
1802,7113,"OKLAHOMA CITY, OK",,,"OKLAHOMA CITY, OK"
1803,7119,"auckland, N",,,"auckland, N"
1807,7131,"Kent, ",,,"Kent, "
1812,7146,"Putney, LND",,,"Putney, LND"
1816,7156,"Harrisburg, PA",,,"Harrisburg, PA"
1818,7164,"Orono, ME",,,"Orono, ME"
1820,7166,"See the Requirements section for areas and locations available, ",,,"See the Requirements section for areas and locations available, "
1827,7187,"Jacksonville, ",,,"Jacksonville, "
1830,7195,"Newcastle Upon Tyne, NET",,,"Newcastle Upon Tyne, NET"
1834,7200,"Coon Rapids, MN",,,"Coon Rapids, MN"
1840,7222,"Council Bluffs , IA",,,"Council Bluffs , IA"
1843,7233,"Insch, ABD",,,"Insch, ABD"
1844,7234,", B",,,", B"
1846,7241,"Feltham, LND",,,"Feltham, LND"
1849,7251,"Visalia, CA",,,"Visalia, CA"
1851,7254,"Rindge, NH",,,"Rindge, NH"
1852,7256,"Rexburg, ID",,,"Rexburg, ID"
1854,7264,"Levittown, PA",,,"Levittown, PA"
1856,7267,"Greenwich, ",,,"Greenwich, "
1859,7276,"DC Metro , DC",,,"DC Metro , DC"
1862,7283,"River Falls, WI",,,"River Falls, WI"
1865,7290,"Plattsburgh, NY",,,"Plattsburgh, NY"
1870,7308,"Henderson, NV",,,"Henderson, NV"
1872,7316,"Manila, 00",,,"Manila, 00"
1877,7333,"Leeds, LDS",,,"Leeds, LDS"
1880,7349,"New Britain, CT",,,"New Britain, CT"
1883,7361,"St. Bonaventure, NY",,,"St. Bonaventure, NY"
1887,7369,"N. Irakleio, I",,,"N. Irakleio, I"
1896,7395,"Elon, NC",,,"Elon, NC"
1903,7431,"Pleasanton, CA",,,"Pleasanton, CA"
1911,7464,"Oshkosh, WI",,,"Oshkosh, WI"
1913,7468,"Oberlin, OH",,,"Oberlin, OH"
1917,7499,"Meas/Chandler/Gilbert, AZ",,,"Meas/Chandler/Gilbert, AZ"
1951,7607,"Auc, N",,,"Auc, N"
1956,7631,"Richmond, VA",,,"Richmond, VA"
1959,7639,"SE Houston, TX",,,"SE Houston, TX"
1963,7665,"Palo Alto, CA",,,"Palo Alto, CA"
1965,7676,"Marion, AL",,,"Marion, AL"
1973,7698,"Riverside, CA",,,"Riverside, CA"
1975,7706,"New Orleans, LA",,,"New Orleans, LA"
1976,7710,"Casper, WY",,,"Casper, WY"
1984,7736,"Garland, TX",,,"Garland, TX"
1986,7742,"Temple, TX",,,"Temple, TX"
1988,7747,"Dallas / Ft. Worth, TX",,,"Dallas / Ft. Worth, TX"
1996,7773,"Chattanooga, NY",,,"Chattanooga, NY"
1998,7781,"Batley, ",,,"Batley, "
2002,7800,"Laredo, TX",,,"Laredo, TX"
2010,7815,"Sacramento , CA",,,"Sacramento , CA"
2015,7840,"Reno, NV",,,"Reno, NV"
2017,7846,"Edinboro , PA",,,"Edinboro , PA"
2018,7857,", CT",,,", CT"
2025,7895,"Sioux Falls, SD",,,"Sioux Falls, SD"
2026,7897,"Lock Haven, PA",,,"Lock Haven, PA"
2033,7925,"Macomb, IL",,,"Macomb, IL"
2037,7939,"WC1V 6PX, LND",,,"WC1V 6PX, LND"
2039,7942,"Manhattan, KS",,,"Manhattan, KS"
2044,7961,"Dubai, ",,,"Dubai, "
2049,7977,"Mankato, MN",,,"Mankato, MN"
2057,7999,"Mansfield, CT",,,"Mansfield, CT"
2058,8001,"Carmel, IN",,,"Carmel, IN"
2062,8008,", BIR",,,", BIR"
2064,8016,"Faribault, MN",,,"Faribault, MN"
2065,8021,"Cullowhee, NC",,,"Cullowhee, NC"
2077,8083,"Fort Wayne , IN",,,"Fort Wayne , IN"
2078,8084,"Lafayette, CA",,,"Lafayette, CA"
2079,8088,"Philippi, WV",,,"Philippi, WV"
2081,8093,"Flagstaff, AZ",,,"Flagstaff, AZ"
2084,8107,"Barcelona, CT",,,"Barcelona, CT"
2087,8114," Al Nashwa, BA",,," Al Nashwa, BA"
2095,8152,"Berlin, ",,,"Berlin, "
2097,8158,"Lake Oswego, OR",,,"Lake Oswego, OR"
2099,8179,"Danbury, CT",,,"Danbury, CT"
2104,8197,"Chesapeake, VA",,,"Chesapeake, VA"
2109,8209,"Harrogate, LDS",,,"Harrogate, LDS"
2110,8222,"Saratoga Springs, NY",,,"Saratoga Springs, NY"
2111,8223,", PL",,,", PL"
2116,8234,"Selinsgrove, PA",,,"Selinsgrove, PA"
2118,8242,"Shepherdstown, WV",,,"Shepherdstown, WV"
2123,8261,"Pireaus, I",,,"Pireaus, I"
2128,8284,"Hammond, LA",,,"Hammond, LA"
2131,8290,"Bishopsgate, LND",,,"Bishopsgate, LND"
2134,8295,"Harrisonburg, VA",,,"Harrisonburg, VA"
2138,8308,"Acharnes, I",,,"Acharnes, I"
2139,8310,"San Jose, ",,,"San Jose, "
2141,8312,"Oswego, NY",,,"Oswego, NY"
2142,8313,"Columbia, MO",,,"Columbia, MO"
2143,8315,"Ettrick, VA",,,"Ettrick, VA"
2149,8332,"Dundee, DND",,,"Dundee, DND"
2155,8350,"Indiana, PA",,,"Indiana, PA"
2157,8352,"Philadelphia , PA",,,"Philadelphia , PA"
2161,8371,"Waterloo, IA",,,"Waterloo, IA"
2175,8414,"Frankfurt, HE",,,"Frankfurt, HE"
2176,8416,"Bowling Green, OH",,,"Bowling Green, OH"
2177,8422,"South Bend, IN",,,"South Bend, IN"
2180,8428,"Potsdam, NY",,,"Potsdam, NY"
2187,8455,"Valenciennes, ",,,"Valenciennes, "
2189,8459,"Milan Area, ",,,"Milan Area, "
2190,8460,"Princeton, NJ",,,"Princeton, NJ"
2191,8463,"Sofia, ",,,"Sofia, "
2199,8477,"Baton Rouge, TX",,,"Baton Rouge, TX"
2225,8567,"Juman, AR",,,"Juman, AR"
2234,8613,"San Franscisco, CA",,,"San Franscisco, CA"
2237,8620,"Madison, SD",,,"Madison, SD"
2239,8626,"San Francisco , CA",,,"San Francisco , CA"
2244,8644,"Livingston, AL",,,"Livingston, AL"
2250,8664,"Killdeer, ND",,,"Killdeer, ND"
2253,8673,"Cupertino, CA",,,"Cupertino, CA"
2254,8677,"New York, ",,,"New York, "
2257,8681,", WA",,,", WA"
2269,8710,"Lekki, LA",,,"Lekki, LA"
2272,8714,"Neo Irakleio, I",,,"Neo Irakleio, I"
2274,8722,"Keene, NH",,,"Keene, NH"
2279,8749,"Colchester , ESS",,,"Colchester , ESS"
2282,8765,"East Lansing, MI",,,"East Lansing, MI"
2291,8795,"Oxford, MS",,,"Oxford, MS"
2295,8812,"Peoria, IL",,,"Peoria, IL"
2299,8819,"Provo, UT",,,"Provo, UT"
2301,8824,"Glyfada, I",,,"Glyfada, I"
2305,8837,"ARLINGTON, TX",,,"ARLINGTON, TX"
2309,8847,"Plymouth, NH",,,"Plymouth, NH"
2313,8856,"Middlesex, LND",,,"Middlesex, LND"
2318,8875,"College Park, MD",,,"College Park, MD"
2331,8910,"San Luis Obispo, CA",,,"San Luis Obispo, CA"
2332,8916,"Oxford, OH",,,"Oxford, OH"
2333,8918,"Clevedon, SOM",,,"Clevedon, SOM"
2334,8923,"Luxembourg, ",,,"Luxembourg, "
2339,8939,"Pembroke, NC",,,"Pembroke, NC"
2346,8974,"Albany, ",,,"Albany, "
2348,8993,"Lawrence, KS",,,"Lawrence, KS"
2353,9009,"Point Lookout, MO",,,"Point Lookout, MO"
2354,9011,"Berkeley, CA",,,"Berkeley, CA"
2356,9014,"Langston, OK",,,"Langston, OK"
2369,9049,"Pullman, WA",,,"Pullman, WA"
2371,9054,"Davidson, NC",,,"Davidson, NC"
2373,9056,"Bowling Green, KY",,,"Bowling Green, KY"
2376,9059,"Delaware, OH",,,"Delaware, OH"
2378,9070,"Denton, TX",,,"Denton, TX"
2379,9071,"Twin Cities, MN",,,"Twin Cities, MN"
2380,9072,"Boise, ",,,"Boise, "
2383,9080,"Durham, NH",,,"Durham, NH"
2384,9082,"Portsmouth, ",,,"Portsmouth, "
2385,9088,"Fairfax Area, VA",,,"Fairfax Area, VA"
2390,9107,"East Stroudsburg, PA",,,"East Stroudsburg, PA"
2392,9113,"Maadi, C",,,"Maadi, C"
2395,9118,"Overland Park, KS",,,"Overland Park, KS"
2396,9122,"Durham, NC",,,"Durham, NC"
2397,9124,"Sheffield, ",,,"Sheffield, "
2403,9141,"Macon, GA",,,"Macon, GA"
2407,9149,", FL",,,", FL"
2409,9152,"Kingston, RI",,,"Kingston, RI"
2410,9153,"Kirksville, MO",,,"Kirksville, MO"
2414,9161,"DFW, TX",,,"DFW, TX"
2427,9181,"Statewide, IA",,,"Statewide, IA"
2429,9186,"Lewisburg, PA",,,"Lewisburg, PA"
2430,9189,"Eastern US, ",,,"Eastern US, "
2431,9195,"Kutztown, PA",,,"Kutztown, PA"
2432,9200,"Central/Southern Minnesota, MN",,,"Central/Southern Minnesota, MN"
2437,9214,"Laramie, WY",,,"Laramie, WY"
2446,9238,"Deerfield, IL",,,"Deerfield, IL"
2454,9269,"Budapest, BU",,,"Budapest, BU"
2464,9304,"Las Cruces, NM",,,"Las Cruces, NM"
2465,9309,"Oxford, ",,,"Oxford, "
2468,9317,"Launceston, ",,,"Launceston, "
2476,9343,"Kalamazoo, MI",,,"Kalamazoo, MI"
2478,9352,"Logan, UT",,,"Logan, UT"
2479,9358,"Tampa, FL",,,"Tampa, FL"
2483,9376,"Austin, ",,,"Austin, "
2484,9381,"Millersville, PA",,,"Millersville, PA"
2494,9405,"Ruston, LA",,,"Ruston, LA"
2495,9410,"Bridgewater, MA",,,"Bridgewater, MA"
2499,9422,"Murray , KY",,,"Murray , KY"
2500,9424,"Jacksonville, AL",,,"Jacksonville, AL"
2503,9435,"Lumlukka, 13",,,"Lumlukka, 13"
2512,9462,"Orange, CA",,,"Orange, CA"
2520,9493,"North Dallas, TX",,,"North Dallas, TX"
2521,9496,"Decatur, TX",,,"Decatur, TX"
2529,9521,"Iraklio, I",,,"Iraklio, I"
2536,9549,"Livonia, MI",,,"Livonia, MI"
2540,9559,"Watervliet, MI",,,"Watervliet, MI"
2550,9606,"Van Wert, OH",,,"Van Wert, OH"
2556,9635,"Phoenix , AZ",,,"Phoenix , AZ"
2591,9811,"Cimahi, JW",,,"Cimahi, JW"
2598,9835,"San Mateo , CA",,,"San Mateo , CA"
2607,9858,"North Sydney, NSW",,,"North Sydney, NSW"
2615,9903,"Spring Hill, TN",,,"Spring Hill, TN"
2626,9944,"Salinas, CA",,,"Salinas, CA"
2635,9983,"Raleigh , NC",,,"Raleigh , NC"
2652,10051,"Αthens, ",,,"Αthens, "
2660,10076,", SP",,,", SP"
2668,10116,"Nea Filadelfia, I",,,"Nea Filadelfia, I"
2669,10119,"NE Portland, OR",,,"NE Portland, OR"
2670,10121,"Hemel Hempstead, HEF",,,"Hemel Hempstead, HEF"
2682,10172,", ID",,,", ID"
2684,10180,"Martin, TN",,,"Martin, TN"
2689,10193,"Houston , TX",,,"Houston , TX"
2690,10212," San Francisco, CA",,," San Francisco, CA"
2693,10230,"Murfreesboro, TN",,,"Murfreesboro, TN"
2709,10305,"Manhattan and Brooklyn, NY",,,"Manhattan and Brooklyn, NY"
2716,10340,"São Paulo, SP",,,"São Paulo, SP"
2731,10430,"Swindon, SWD",,,"Swindon, SWD"
2732,10432,"Irving, ",,,"Irving, "
2743,10465,"Marina del Rey, CA",,,"Marina del Rey, CA"
2746,10480,"Ellenville, NY",,,"Ellenville, NY"
2751,10491,"Atlanta - Covington , GA",,,"Atlanta - Covington , GA"
2755,10497,"Panama, 8",,,"Panama, 8"
2766,10525,"Dortmund, NW",,,"Dortmund, NW"
2786,10588,"Auburn Hills, MI",,,"Auburn Hills, MI"
2787,10592,"Macclesfield, CHE",,,"Macclesfield, CHE"
2794,10612,"Huntington Beach , CA",,,"Huntington Beach , CA"
2802,10641,"Racine Area, WI",,,"Racine Area, WI"
2803,10643,"Managua, MN",,,"Managua, MN"
2812,10671,"Horsforth, LDS",,,"Horsforth, LDS"
2815,10675,"Bronx, NY",,,"Bronx, NY"
2820,10685,"Remote, ",,,"Remote, "
2824,10703,"Halifax, NS",,,"Halifax, NS"
2825,10708,"Bournemouth, DOR",,,"Bournemouth, DOR"
2826,10709,"Peekskill, NY",,,"Peekskill, NY"
2829,10718,"Beckley, WV",,,"Beckley, WV"
2834,10731,"St. Louis, FL",,,"St. Louis, FL"
2839,10749,"Banbuathong, 12",,,"Banbuathong, 12"
2841,10775,"Brighouse, ",,,"Brighouse, "
2844,10789,"Robinson Township, PA",,,"Robinson Township, PA"
2846,10792,"Totowa, NJ",,,"Totowa, NJ"
2851,10826,"Sacramento, ca, CA",,,"Sacramento, ca, CA"
2857,10861,"New Braunfels, TX",,,"New Braunfels, TX"
2863,10888,"Hampton, VA",,,"Hampton, VA"
2888,10998,"MANASSAS, VA",,,"MANASSAS, VA"
2894,11027,"dallas, TX",,,"dallas, TX"
2895,11030,"Northgate Cyberzone, Alabang, 00",,,"Northgate Cyberzone, Alabang, 00"
2897,11041,"Essex, ESS",,,"Essex, ESS"
2900,11063,"Denver , CO",,,"Denver , CO"
2903,11093,"Kingston upon Thames, KTT",,,"Kingston upon Thames, KTT"
2906,11135,"Arlington, VA",,,"Arlington, VA"
2928,11221,"Old Trafford, MAN",,,"Old Trafford, MAN"
2934,11235,"San Francisco Bay Area, CA",,,"San Francisco Bay Area, CA"
2943,11257,"Grand Prairie, TX",,,"Grand Prairie, TX"
2962,11322,"Indore, ",,,"Indore, "
2987,11413,"Lynwood, CA",,,"Lynwood, CA"
2994,11436,"Los Angeles , CA",,,"Los Angeles , CA"
2995,11437,"Poznań, WP",,,"Poznań, WP"
3003,11461,"Scarborough, NYK",,,"Scarborough, NYK"
3012,11480,"Cambridge, ",,,"Cambridge, "
3013,11481,", TN",,,", TN"
3016,11500,"AUS/SAT, TX",,,"AUS/SAT, TX"
3019,11515,"Georgia, GA",,,"Georgia, GA"
3021,11531,"Fargo, ND",,,"Fargo, ND"
3045,11611,"Clevedon, BST",,,"Clevedon, BST"
3046,11614,"Blackpool, ",,,"Blackpool, "
3052,11626,"CHENNAI, TN",,,"CHENNAI, TN"
3056,11630,"Hessle, ERY",,,"Hessle, ERY"
3075,11682,"Menlo, CA",,,"Menlo, CA"
3076,11683,"Sheffield, SHF",,,"Sheffield, SHF"
3092,11741,", ALA",,,", ALA"
3093,11742,"Freehold, NJ",,,"Freehold, NJ"
3096,11745,"San Ramon, CA",,,"San Ramon, CA"
3107,11770,"Taipei, TPQ",,,"Taipei, TPQ"
3110,11777,"Florida, FL",,,"Florida, FL"
3113,11786,", BRU",,,", BRU"
3118,11799,"KL - Petaling Jaya, 14",,,"KL - Petaling Jaya, 14"
3122,11812,"Mason City, IA",,,"Mason City, IA"
3123,11813,", C",,,", C"
3131,11850,"Bruxelles, BRU",,,"Bruxelles, BRU"
3134,11861,"West Haven, CT",,,"West Haven, CT"
3140,11874,"Chelsea, MI",,,"Chelsea, MI"
3141,11880,"Fort Lauderdale, FL",,,"Fort Lauderdale, FL"
3149,11915,"chicago, IL",,,"chicago, IL"
3158,11963,"Copenhagen, ",,,"Copenhagen, "
3165,11976,"Santa Rosa, CA",,,"Santa Rosa, CA"
3166,11977,"District of Columbia, WA",,,"District of Columbia, WA"
3167,11978,"Santa Rosa, ",,,"Santa Rosa, "
3168,11979,"Barrington, IL",,,"Barrington, IL"
3170,11983,"Leicester, ",,,"Leicester, "
3172,11990,"Ravenna, OH",,,"Ravenna, OH"
3173,11992,"Coventry, ",,,"Coventry, "
3184,12016,"Media City | Dubai, ",,,"Media City | Dubai, "
3187,12025,"Bismarck or Fargo, ND",,,"Bismarck or Fargo, ND"
3196,12078,"Lansing, MI",,,"Lansing, MI"
3214,12141,"Santa Cruz, ",,,"Santa Cruz, "
3215,12145,"London , WBK",,,"London , WBK"
3216,12149,"Glasgow, ",,,"Glasgow, "
3231,12207,"London, HCK",,,"London, HCK"
3235,12228,"Auckland, ",,,"Auckland, "
3238,12236,"Ringgold, GA",,,"Ringgold, GA"
3262,12315,"Chania, M",,,"Chania, M"
3263,12317,"Houghton le Spring , DUR",,,"Houghton le Spring , DUR"
3272,12341,"Woking, SRY",,,"Woking, SRY"
3276,12354,"Thessaloniki , B",,,"Thessaloniki , B"
3279,12360,"Wolverhampton, ",,,"Wolverhampton, "
3293,12418,"Hampton, ",,,"Hampton, "
3318,12498,"Omaha, NE",,,"Omaha, NE"
3325,12525,"Salisbury, MD",,,"Salisbury, MD"
3328,12536,"Seneca, SC",,,"Seneca, SC"
3331,12545,", MI",,,", MI"
3336,12558,"South Yorkshire, ",,,"South Yorkshire, "
3338,12563,"Wigan, LAN",,,"Wigan, LAN"
3350,12604,"Franksville, WI",,,"Franksville, WI"
3353,12632,"10010, NY",,,"10010, NY"
3375,12717,"Zurich, ZH",,,"Zurich, ZH"
3383,12740,"Tampa , FL",,,"Tampa , FL"
3390,12771,"Querétaro, QUE",,,"Querétaro, QUE"
3392,12773,", ABE",,,", ABE"
3400,12796,"Las vegas, NV",,,"Las vegas, NV"
3403,12806,"Fulham, LND",,,"Fulham, LND"
3409,12824,"Harlan, IA",,,"Harlan, IA"
3410,12839,"Liberty, NY",,,"Liberty, NY"
3422,12885,"Carlsb, CA",,,"Carlsb, CA"
3430,12913,"Vancouver, WA",,,"Vancouver, WA"
3431,12930,"Meanwood, LDS",,,"Meanwood, LDS"
3432,12936,"Keller and Burleson, TX",,,"Keller and Burleson, TX"
3441,12958,"Bengaluru, KA",,,"Bengaluru, KA"
3448,12973,"Pese, 6",,,"Pese, 6"
3462,13004,"Dundee, ANS",,,"Dundee, ANS"
3465,13019,"Bismarck, ND",,,"Bismarck, ND"
3466,13020,"Assen, DR",,,"Assen, DR"
3474,13046,"Haddonfield, NJ",,,"Haddonfield, NJ"
3478,13066,"Paw Paw, MI",,,"Paw Paw, MI"
3486,13098,"South San Francisco, CA",,,"South San Francisco, CA"
3495,13147,"Chennai, TN",,,"Chennai, TN"
3498,13159,"North Hollywood, CA",,,"North Hollywood, CA"
3499,13160,"Napanoch, NY",,,"Napanoch, NY"
3512,13194,"Rosemead, CA",,,"Rosemead, CA"
3516,13216,"Cherkassy, 71",,,"Cherkassy, 71"
3530,13282,"Northbrook, IL",,,"Northbrook, IL"
3534,13301,"chalandri, I",,,"chalandri, I"
3547,13339,"Mirfield, LDS",,,"Mirfield, LDS"
3554,13360,"Kuala Lumpur - Sentral, ",,,"Kuala Lumpur - Sentral, "
3556,13364,"Glendale heights, IL",,,"Glendale heights, IL"
3577,13454,"Yankton, SD",,,"Yankton, SD"
3588,13505,"Berlin/Malaysia, BE",,,"Berlin/Malaysia, BE"
3603,13595,"New York , NY",,,"New York , NY"
3613,13629,"Medford, MA",,,"Medford, MA"
3625,13679,"North Portland, ",,,"North Portland, "
3630,13701,"Hasbrouck Heights , NJ",,,"Hasbrouck Heights , NJ"
3635,13731,"Illinois, IL",,,"Illinois, IL"
3643,13761,"New  York City, NY",,,"New  York City, NY"
3644,13762,"Massachusetts, MA",,,"Massachusetts, MA"
3657,13813,"New  York, NY",,,"New  York, NY"
3682,13907,"Plantation, FL",,,"Plantation, FL"
3700,14000,"Manhattan Beach, ",,,"Manhattan Beach, "
3706,14025,"Lakeland, FL",,,"Lakeland, FL"
3714,14054,", QB",,,", QB"
3717,14093,"Colchester, ",,,"Colchester, "
3719,14101,"Hattiesburg, MS",,,"Hattiesburg, MS"
3720,14109,"Conway, AR",,,"Conway, AR"
3723,14125,"Muncie, IN",,,"Muncie, IN"
3724,14136,"St. Cloud, MN",,,"St. Cloud, MN"
3725,14139,", NC",,,", NC"
3729,14149,"Huntington, WV",,,"Huntington, WV"
3733,14158,"Mansfield, PA",,,"Mansfield, PA"
3735,14163,"Bradford, ",,,"Bradford, "
3743,14208,"London, CMD",,,"London, CMD"
3750,14235,"Parsippany, NJ",,,"Parsippany, NJ"
3755,14283,"Saint Paul, MN",,,"Saint Paul, MN"
3757,14295,"Burleson, TX",,,"Burleson, TX"
3767,14330,"Surry Hills, NSW",,,"Surry Hills, NSW"
3780,14382,"Miramar, FL",,,"Miramar, FL"
3790,14425,"Hasbrouck Heights, NJ",,,"Hasbrouck Heights, NJ"
3799,14451,"Washington, DE",,,"Washington, DE"
3801,14453,"Central Birmingham, BIR",,,"Central Birmingham, BIR"
3824,14543,"Mesa, AZ",,,"Mesa, AZ"
3827,14552,", NYK",,,", NYK"
3832,14565,"Mesa/Chandler, AZ",,,"Mesa/Chandler, AZ"
3835,14569,"Canary Wharf, LND",,,"Canary Wharf, LND"
3836,14570,"Scottsdale/Phoenix, AZ",,,"Scottsdale/Phoenix, AZ"
3846,14604,", LDS",,,", LDS"
3852,14614,"Starkville, MS",,,"Starkville, MS"
3855,14625,"Gilroy Hollister , ",,,"Gilroy Hollister , "
3856,14627,"Ontario, CA",,,"Ontario, CA"
3874,14687,"Maidenhead, WBK",,,"Maidenhead, WBK"
3879,14699,"Milan, 25",,,"Milan, 25"
3882,14708,"Salem, OR",,,"Salem, OR"
3886,14724,"Iowa City, IA",,,"Iowa City, IA"
3887,14726,"Grand Island, NE",,,"Grand Island, NE"
3890,14737,"Agia Paraskevi, I",,,"Agia Paraskevi, I"
3896,14758,"Palm Springs, CA",,,"Palm Springs, CA"
3897,14760,"Salford, MAN",,,"Salford, MAN"
3899,14764,"Harrogate , NYK",,,"Harrogate , NYK"
3900,14766,"Tokyo - Shibuya, ",,,"Tokyo - Shibuya, "
3902,14770,", ME",,,", ME"
3903,14777,"Albany, NY",,,"Albany, NY"
3912,14800,"Hillsboro, ",,,"Hillsboro, "
3922,14839,"Birmingham, AL",,,"Birmingham, AL"
3929,14851,"Singapore, ",,,"Singapore, "
3954,14944,"Hanley, ",,,"Hanley, "
3959,14954,"new york, NY",,,"new york, NY"
3962,14965,"Greater Boston, MA",,,"Greater Boston, MA"
3994,15054,"Portand, OR",,,"Portand, OR"
4014,15123,"Delhi, DL",,,"Delhi, DL"
4042,15226,", LIV",,,", LIV"
4066,15326,", DC",,,", DC"
4072,15362,"Lincoln, NE",,,"Lincoln, NE"
4086,15405,"Copenhagen Ø, 84",,,"Copenhagen Ø, 84"
4117,15512,"Bend, OR",,,"Bend, OR"
4126,15538,"Irakleio, I",,,"Irakleio, I"
4128,15549,"Jacksonville , FL",,,"Jacksonville , FL"
4134,15590,"Lexington, KY",,,"Lexington, KY"
4135,15591,"Porto, ",,,"Porto, "
4136,15595,"Little Rock, AR",,,"Little Rock, AR"
4139,15600,"Mayfield Village, OH",,,"Mayfield Village, OH"
4143,15610,"Milton Keynes, BKM",,,"Milton Keynes, BKM"
4155,15656,"Birmingham, ENG",,,"Birmingham, ENG"
4158,15666,"Hastings, NE",,,"Hastings, NE"
4172,15716,"Newport Beach , CA",,,"Newport Beach , CA"
4181,15745,"Wilmington, DE",,,"Wilmington, DE"
4196,15792,"Boulder, CO",,,"Boulder, CO"
4199,15800,", MA",,,", MA"
4200,15805,"Orange County , CA",,,"Orange County , CA"
4211,15867,"Kelowna, BC",,,"Kelowna, BC"
4212,15869,"Fair Haven, NJ",,,"Fair Haven, NJ"
4238,15975,"Phnom Phen, 12",,,"Phnom Phen, 12"
4260,16066,"Oak Brook, IL",,,"Oak Brook, IL"
4268,16104,"Colombo, ",,,"Colombo, "
4278,16133,"Lafayette, IN",,,"Lafayette, IN"
4285,16149,"Sale, MAN",,,"Sale, MAN"
4301,16203,"san francisco, CA",,,"san francisco, CA"
4322,16313,"Marina Del Rey, CA",,,"Marina Del Rey, CA"
4325,16320,"Jamison, PA",,,"Jamison, PA"
4334,16343,"Αθήνα, I",,,"Αθήνα, I"
4336,16349,"10969, BE",,,"10969, BE"
4355,16406,"SE Portland, OR",,,"SE Portland, OR"
4357,16418,"Madison, WI",,,"Madison, WI"
4373,16474,"Frankfurt, ",,,"Frankfurt, "
4395,16558,"Leipzig, SN",,,"Leipzig, SN"
4400,16605,"Sarasota, FL",,,"Sarasota, FL"
4402,16647,"caulfield, VIC",,,"caulfield, VIC"
4409,16709,"Louisville, KY",,,"Louisville, KY"
4416,16740,"Augusta, GA",,,"Augusta, GA"
4418,16758,"Panama City, FL",,,"Panama City, FL"
4419,16766,"Union Grove, WI",,,"Union Grove, WI"
4421,16774,"Tuscaloosa, AL",,,"Tuscaloosa, AL"
4422,16788,"Tigard, OR",,,"Tigard, OR"
4433,16845,"Winston Salem, NC",,,"Winston Salem, NC"
4436,16874,"Raleigh, NC",,,"Raleigh, NC"
4446,16893,"louisville, KY",,,"louisville, KY"
4483,17014,"Loveland, CO",,,"Loveland, CO"
4490,17029,"Cocoa, FL",,,"Cocoa, FL"
4492,17031,"Westminster, CO",,,"Westminster, CO"
4496,17049,"Hackensack, NJ",,,"Hackensack, NJ"
4497,17051,"Southampton, HAM",,,"Southampton, HAM"
4500,17070,"Tampa Bay, FL",,,"Tampa Bay, FL"
4534,17178,"kent, BRY",,,"kent, BRY"
4535,17184,"Bay Area, CA",,,"Bay Area, CA"
4536,17186,"Malden, MA",,,"Malden, MA"
4538,17196,"Long Beach , CA",,,"Long Beach , CA"
4554,17262,"Hilversum, NH",,,"Hilversum, NH"
4556,17271,"México, DIF",,,"México, DIF"
4567,17309,"St Paul, MN",,,"St Paul, MN"
4600,17414,"LONDON, LND",,,"LONDON, LND"
4613,17457,"TULSA, OK",,,"TULSA, OK"
4639,17656,"Troy, MI",,,"Troy, MI"
4640,17660,"Finger Lakes, NY",,,"Finger Lakes, NY"
4643,17675,"Cooperstown, NY",,,"Cooperstown, NY"
4644,17676,"Poughkeepsie, NY",,,"Poughkeepsie, NY"
4650,17755,", KY",,,", KY"
4657,17812,"White Plains, NY",,,"White Plains, NY"
4666,17863,"GREENVILLE, SC",,,"GREENVILLE, SC"
